{
    "Modules": {
        "rx_intf": {
            "end_perf": [
                12.06693696975708,
                8.0672650000000008,
                0.35836699999999999,
                355656,
                355680
            ],
            "start_perf": [
                12.05777907371521,
                8.0581200000000006,
                0.35836099999999999,
                355656,
                355680,
                1560831345.4860721
            ],
            "Compiled": "Yes",
            "Compiled Times": 1,
            "nQuads": 788,
            "nMops": 1132
        },
        "...MASTER...": {
            "end_perf": [
                9.0071170330047607,
                5.1247040000000004,
                0.28954800000000003,
                337004,
                339384
            ],
            "start_perf": [
                8.9707350730895996,
                5.1227369999999999,
                0.28454000000000002,
                330816,
                339384,
                1560831342.3990281
            ],
            "nQuads": 0,
            "nMops": 0
        },
        "wb_intf": {
            "end_perf": [
                12.788630962371826,
                8.7518700000000003,
                0.38334400000000002,
                355664,
                355688
            ],
            "start_perf": [
                12.757752895355225,
                8.7338489999999993,
                0.38234299999999999,
                355656,
                355680,
                1560831346.1860459
            ],
            "Compiled": "Yes",
            "Compiled Times": 1,
            "nQuads": 652,
            "nMops": 977
        },
        "vcs_paramclassrepository": {
            "end_perf": [
                10.412274122238159,
                6.4482809999999997,
                0.323465,
                354632,
                354636
            ],
            "start_perf": [
                9.0073668956756592,
                5.1249390000000004,
                0.28954800000000003,
                337004,
                339384,
                1560831342.4356599
            ],
            "Compiled": "Yes",
            "Compiled Times": 1,
            "nQuads": 45590,
            "nMops": 141069
        },
        "tx_intf": {
            "end_perf": [
                12.057742118835449,
                8.0580839999999991,
                0.35835899999999998,
                355656,
                355680
            ],
            "start_perf": [
                12.04660701751709,
                8.0469600000000003,
                0.35835400000000001,
                355656,
                355680,
                1560831345.4749
            ],
            "Compiled": "Yes",
            "Compiled Times": 1,
            "nQuads": 819,
            "nMops": 1296
        },
        "generic_fifo_ctrl_0000": {
            "end_perf": [
                12.810497999191284,
                8.7727190000000004,
                0.38435000000000002,
                355664,
                355688
            ],
            "start_perf": [
                12.797763109207153,
                8.7599909999999994,
                0.38435000000000002,
                355664,
                355688,
                1560831346.2260561
            ],
            "Compiled": "Yes",
            "Compiled Times": 1,
            "nQuads": 675,
            "nMops": 2208
        },
        "rx_enqueue": {
            "end_perf": [
                12.885052919387817,
                8.8472469999999994,
                0.38436199999999998,
                355664,
                355688
            ],
            "start_perf": [
                12.818075895309448,
                8.7802790000000002,
                0.38436199999999998,
                355664,
                355688,
                1560831346.2463689
            ],
            "Compiled": "Yes",
            "Compiled Times": 1,
            "nQuads": 4245,
            "nMops": 15694
        },
        "wishbone_if": {
            "end_perf": [
                12.944814920425415,
                8.9060039999999994,
                0.38534600000000002,
                355664,
                355688
            ],
            "start_perf": [
                12.934657096862793,
                8.8968369999999997,
                0.38436199999999998,
                355664,
                355688,
                1560831346.3629501
            ],
            "Compiled": "Yes",
            "Compiled Times": 1,
            "nQuads": 710,
            "nMops": 1678
        },
        "_vcs_msglog": {
            "end_perf": [
                12.040528059005737,
                8.0418920000000007,
                0.35735,
                355656,
                355680
            ],
            "start_perf": [
                12.038129091262817,
                8.0404739999999997,
                0.356375,
                355656,
                355680,
                1560831345.4664221
            ],
            "Compiled": "Yes",
            "Compiled Times": 1,
            "nQuads": 23,
            "nMops": 34
        },
        "_vcs_unit__675955336": {
            "end_perf": [
                10.458590984344482,
                6.4921189999999998,
                0.32543,
                354632,
                354656
            ],
            "start_perf": [
                10.412337064743042,
                6.4482809999999997,
                0.32352900000000001,
                354632,
                354636,
                1560831343.8406301
            ],
            "Compiled": "Yes",
            "Compiled Times": 1,
            "nQuads": 1918,
            "nMops": 4917
        },
        "uvm_custom_install_recording": {
            "end_perf": [
                12.046571016311646,
                8.0469259999999991,
                0.358352,
                355656,
                355680
            ],
            "start_perf": [
                12.040565967559814,
                8.0419280000000004,
                0.357352,
                355656,
                355680,
                1560831345.468859
            ],
            "Compiled": "Yes",
            "Compiled Times": 1,
            "nQuads": 310,
            "nMops": 705
        },
        "std": {
            "end_perf": [
                10.466140031814575,
                6.4994719999999999,
                0.32543,
                354632,
                354656
            ],
            "start_perf": [
                10.458651065826416,
                6.4921800000000003,
                0.32543,
                354632,
                354656,
                1560831343.8869441
            ],
            "Compiled": "Yes",
            "Compiled Times": 1,
            "nQuads": 224,
            "nMops": 543
        },
        "uvm_pkg": {
            "end_perf": [
                12.038059949874878,
                8.0404079999999993,
                0.35637200000000002,
                355656,
                355680
            ],
            "start_perf": [
                10.466181039810181,
                6.4995139999999996,
                0.32543,
                354632,
                354656,
                1560831343.894474
            ],
            "Compiled": "Yes",
            "Compiled Times": 1,
            "nQuads": 63836,
            "nMops": 207333
        },
        "environment_tb_mod": {
            "end_perf": [
                12.757690906524658,
                8.7337889999999998,
                0.38234000000000001,
                355656,
                355680
            ],
            "start_perf": [
                12.066972970962524,
                8.0672999999999995,
                0.35836800000000002,
                355656,
                355680,
                1560831345.495266
            ],
            "Compiled": "Yes",
            "Compiled Times": 1,